MDDv1.9_Name,MDDv1.10_Name,Comment,Category,Reference
NA,Chilomys_carapazi,recently described,de novo,"Brito, J., Tinoco, N., Pinto, C. M., García, R., Koch, C., Fernandez, V., ... & Pardiñas, U. F. (2022). Unlocking Andean sigmodontine diversity: five new species of Chilomys (Rodentia: Cricetidae) from the montane forests of Ecuador. PeerJ, 10, e13211."
NA,Chilomys_georgeledecii,recently described,de novo,"Brito, J., Tinoco, N., Pinto, C. M., García, R., Koch, C., Fernandez, V., ... & Pardiñas, U. F. (2022). Unlocking Andean sigmodontine diversity: five new species of Chilomys (Rodentia: Cricetidae) from the montane forests of Ecuador. PeerJ, 10, e13211."
NA,Chilomys_neisi,recently described,de novo,"Brito, J., Tinoco, N., Pinto, C. M., García, R., Koch, C., Fernandez, V., ... & Pardiñas, U. F. (2022). Unlocking Andean sigmodontine diversity: five new species of Chilomys (Rodentia: Cricetidae) from the montane forests of Ecuador. PeerJ, 10, e13211."
NA,Chilomys_percequilloi,recently described,de novo,"Brito, J., Tinoco, N., Pinto, C. M., García, R., Koch, C., Fernandez, V., ... & Pardiñas, U. F. (2022). Unlocking Andean sigmodontine diversity: five new species of Chilomys (Rodentia: Cricetidae) from the montane forests of Ecuador. PeerJ, 10, e13211."
NA,Chilomys_weksleri,recently described,de novo,"Brito, J., Tinoco, N., Pinto, C. M., García, R., Koch, C., Fernandez, V., ... & Pardiñas, U. F. (2022). Unlocking Andean sigmodontine diversity: five new species of Chilomys (Rodentia: Cricetidae) from the montane forests of Ecuador. PeerJ, 10, e13211."
NA,Typhlomys_fengjiensis,recently described,de novo,"Pu, Y. T., Wan, T., Fan, R. H., Fu, C. K., Tang, K. Y., Jiang, X. L., ... & Liu, S. Y. (2022). A new species of the genus Typhlomys Milne-Edwards, 1877 (Rodentia: Platacanthomyidae) from Chongqing, China. Zoological Research, 43(3), 413."
NA,Cacajao_amuna,recently described,de novo,"Silva, F. E., do Amaral, J. V., Roos, C., Bowler, M., Röhe, F., Sampaio, R., ... & Boubli, J. P. (2022). Molecular phylogeny and systematics of bald uakaris, genus Cacajao Lesson, 1840 (Primates: Pitheciidae), with the description of a new species. Molecular Phylogenetics and Evolution, 107509."
NA,Macaca_selai,recently described,de novo,"Ghosh, A., Thakur, M., Singh, S. K., Dutta, R., Sharma, L. K., Chandra, K., & Banerjee, D. (2022). The Sela macaque (Macaca selai) is a distinct phylogenetic species that evolved from the Arunachal macaque following allopatric speciation. Molecular Phylogenetics and Evolution, 107513."
NA,Thomasomys_burneoi,recently described,de novo,"Lee Jr, T. E., Tinoco, N., & Brito, J. (2022). A new species of Andean mouse of the genus Thomasomys (Cricetidae, Sigmodontinae) from the eastern Andes of Ecuador. Vertebrate Zoology, 72, 219-233."
NA,Rhipidomys_bezerrensis,recently described,de novo,"Campos, B. A. P., Percequillo, A. R., Miranda, G. B., & Langguth, A. (2022). Two new species of Rhipidomys (Rodentia: Sigmodontinae) from Eastern Brazil, with comments on the taxonomy of the genus. Hystrix, the Italian Journal of Mammalogy."
NA,Rhipidomys_caracolensis,recently described,de novo,"Campos, B. A. P., Percequillo, A. R., Miranda, G. B., & Langguth, A. (2022). Two new species of Rhipidomys (Rodentia: Sigmodontinae) from Eastern Brazil, with comments on the taxonomy of the genus. Hystrix, the Italian Journal of Mammalogy."
NA,Chionomys_stekolnikovi,recently described,de novo,"Golenishchev, F. N., Malikov, V. G., Bannikova, A. A., Zykov, A. E., Yiğit, N., & Çolak, E. (2022). Diversity of snow voles of the “nivalis” group (Chionomys, Arvicolinae, Rodentia) in the eastern part of the range with a description of a new species. Russian Journal of Theriology, 21(1), 1-12."
NA,Glischropus_meghalayanus,recently described,de novo,"Saikia, U., Ruedi, M., & Csorba, G. (2022). Out of Southeast Asia: A new species of thick-thumbed bat (Chiroptera: Vespertilionidae: Glischropus) from Meghalaya, north-eastern India. Zootaxa, 5154(3), 355-364."
NA,Alticola_kohistanicus,recently described,de novo,"Kryštufek, B., & Shenbrot, G. (2022). Voles and Lemmings (Arvicolinae) of the Palaearctic Region. University of Maribor Press, Maribor. "
NA,Miniopterus_phillipsi,recently described,de novo,"Kusuminda, T., Mannakkara, A., Ukuwela, K. D., Kruskop, S. V., Amarasinghe, C. J., Saikia, U., ... & Patterson, B. D. (2022). DNA barcoding and morphological analyses reveal a cryptic species of Miniopterus from India and Sri Lanka. Acta Chiropterologica, 24(1), 1-17."
NA,Rhinolophus_namuli,recently described,de novo,"Curran, M., Kopp, M., Ruedi, M., & Bayliss, J. (2022). A new species of horseshoe bat (Chiroptera: Rhinolophidae) from Mount Namuli, Mozambique. Acta Chiropterologica, 24(1), 19-40."
NA,Baletemys_kampalili,recently described,de novo,"Rowsey, D. M., Duya, M. R. M., Ibañez, J. C., Jansa, S. A., Rickart, E. A., & Heaney, L. R. (2022). A new genus and species of shrew-like mouse (Rodentia: Muridae) from a new center of endemism in eastern Mindanao, Philippines. Journal of Mammalogy, gyac057."
NA,Neoromicia_hlandzeni,recently described,de novo,"Taylor, P. J., Strydom, E., Richards, L., Markotter, W., Toussaint, D. C., Kearney, T., ... & Monadjem, A. (2022). Integrative taxonomic analysis of new collections from the central Angolan highlands resolves the taxonomy of African pipistrelloid bats on a continental scale. Zoological Journal of the Linnean Society, zlac071."
NA,Cheracebus_aquinoi,recently described,de novo,"Rengifo, E. M., D'Elía, G., García, G., Charpentier, E., & Cornejo, F. M. (2022). A New Species of Titi Monkey, Genus Cheracebus Byrne et al., 2016 (Primates: Pitheciidae), from Peruvian Amazonia. Mammal Study, 48(1), 1-16."
NA,Ctenomys_heniacamiare,recently described,de novo,"Mapelli, F. J., Teta, P., Contreras, F., Pereyra, D., Priotto, J. W., & Coda, J. A. (2022). Looking under stones: A new Ctenomys species from the rocky foothills of the Sierras Grandes of central Argentina. Journal of Mammalian Evolution, 1-18."
NA,Akodon_diauarum,recently described,de novo,"Brandão, M. V., Carmignotto, A. P., Percequillo, A. R., Christoff, A. U., Mendes-Oliveira, A. C., & Geise, L. (2022). A new species of Akodon Meyen, 1833 (Rodentia: Cricetidae) from dry forests of the Amazonia-Cerrado transition. Zootaxa, 5205(5), 401-435."
NA,Calomyscus_behzadi,recently described,de novo,"Dezhman, M., Akbarirad, S., Aliabadian, M., Siahsarvie, R., Shafaeipour, A., & Mirshamsi, O. (2021). A new species of Calomyscus Thomas, 1905 (Calomyscidae: Rodentia) from western Iran. Turkish Journal of Zoology, 2021(45), 585-593."
Capra_hircus,Capra_hircus,"fixed an error that had Capra_hircus coded as 'domestic=0' rather than 'domestic=1'; need for this Domestic Goat, which is the domestic form of C. aegagrus",domestic status change,NA
Lissonycteris_angolensis,Myonycteris_angolensis,moved from Lissonycteris to Myonycteris,genus change,"Almeida, F. C., Simmons, N. B., & Giannini, N. P. (2020). A species-level phylogeny of Old World fruit bats with a new higher-level classification of the family Pteropodidae. American Museum Novitates, 2020(3950), 1-24."
Aonyx_capensis,Lutra_capensis,moved from Aonyx to Lutra,genus change,"de Ferran, V., Figueiró, H. V., de Jesus Trindade, F., Smith, O., Sinding, M. H. S., Trinca, C. S., ... & Eizirik, E. (2022). Phylogenomics of the world’s otters. Current Biology, 32(16), 3650-3658."
Aonyx_cinereus,Lutra_cinerea,moved from Aonyx to Lutra,genus change,"de Ferran, V., Figueiró, H. V., de Jesus Trindade, F., Smith, O., Sinding, M. H. S., Trinca, C. S., ... & Eizirik, E. (2022). Phylogenomics of the world’s otters. Current Biology, 32(16), 3650-3658."
Aonyx_congicus,Lutra_congica,moved from Aonyx to Lutra,genus change,"de Ferran, V., Figueiró, H. V., de Jesus Trindade, F., Smith, O., Sinding, M. H. S., Trinca, C. S., ... & Eizirik, E. (2022). Phylogenomics of the world’s otters. Current Biology, 32(16), 3650-3658."
Lutrogale_perspicillata,Lutra_perspicillata,moved from Lutrogale to Lutra,genus change,"de Ferran, V., Figueiró, H. V., de Jesus Trindade, F., Smith, O., Sinding, M. H. S., Trinca, C. S., ... & Eizirik, E. (2022). Phylogenomics of the world’s otters. Current Biology, 32(16), 3650-3658."
Eothenomys_chinensis,Anteliomys_chinensis,moved from Eothenomys to Anteliomys,genus change,"Kryštufek, B., & Shenbrot, G. (2022). Voles and Lemmings (Arvicolinae) of the Palaearctic Region. University of Maribor Press, Maribor. "
Eothenomys_olitor,Anteliomys_olitor,moved from Eothenomys to Anteliomys,genus change,"Kryštufek, B., & Shenbrot, G. (2022). Voles and Lemmings (Arvicolinae) of the Palaearctic Region. University of Maribor Press, Maribor. "
Eothenomys_proditor,Anteliomys_proditor,moved from Eothenomys to Anteliomys,genus change,"Kryštufek, B., & Shenbrot, G. (2022). Voles and Lemmings (Arvicolinae) of the Palaearctic Region. University of Maribor Press, Maribor. "
Eothenomys_wardi,Anteliomys_wardi,moved from Eothenomys to Anteliomys,genus change,"Kryštufek, B., & Shenbrot, G. (2022). Voles and Lemmings (Arvicolinae) of the Palaearctic Region. University of Maribor Press, Maribor. "
Eothenomys_custos,Anteliomys_custos,moved from Eothenomys to Anteliomys,genus change,"Kryštufek, B., & Shenbrot, G. (2022). Voles and Lemmings (Arvicolinae) of the Palaearctic Region. University of Maribor Press, Maribor. "
Eothenomys_tarquinius,Anteliomys_tarquinius,moved from Eothenomys to Anteliomys,genus change,"Kryštufek, B., & Shenbrot, G. (2022). Voles and Lemmings (Arvicolinae) of the Palaearctic Region. University of Maribor Press, Maribor. "
Eothenomys_hintoni,Anteliomys_hintoni,moved from Eothenomys to Anteliomys,genus change,"Kryštufek, B., & Shenbrot, G. (2022). Voles and Lemmings (Arvicolinae) of the Palaearctic Region. University of Maribor Press, Maribor. "
Ellobius_fuscocapillus,Bramus_fuscocapillus,moved from Ellobius to Bramus,genus change,"Kryštufek, B., & Shenbrot, G. (2022). Voles and Lemmings (Arvicolinae) of the Palaearctic Region. University of Maribor Press, Maribor. "
Ellobius_lutescens,Bramus_lutescens,moved from Ellobius to Bramus,genus change,"Kryštufek, B., & Shenbrot, G. (2022). Voles and Lemmings (Arvicolinae) of the Palaearctic Region. University of Maribor Press, Maribor. "
Proedromys_liangshanensis,Mictomicrotus_liangshanensis,moved from Proedromys to Mictomicrotus,genus change,"Kryštufek, B., & Shenbrot, G. (2022). Voles and Lemmings (Arvicolinae) of the Palaearctic Region. University of Maribor Press, Maribor. "
Lasiopodomys_gregalis,Stenocranius_gregalis,moved from Lasiopodomys back to Stenocranius,genus change,"Kryštufek, B., & Shenbrot, G. (2022). Voles and Lemmings (Arvicolinae) of the Palaearctic Region. University of Maribor Press, Maribor. "
Lasiopodomys_raddei,Stenocranius_raddei,moved from Lasiopodomys back to Stenocranius,genus change,"Kryštufek, B., & Shenbrot, G. (2022). Voles and Lemmings (Arvicolinae) of the Palaearctic Region. University of Maribor Press, Maribor. "
Cephalophus_brookei,Cephalophorus_brookei,moved from Cephalophus to Cephalophorus,genus change,"Bärmann, E. V., Fonseca, V. G., Langen, K., & Kaleme, P. (2022). New insights into the taxonomy of duiker antelopes (Artiodactyla: Bovidae) from the eastern Democratic Republic of the Congo, with the formal description of a new genus. Mammalian Biology, 1-17."
Cephalophus_callipygus,Cephalophorus_callipygus,moved from Cephalophus to Cephalophorus,genus change,"Bärmann, E. V., Fonseca, V. G., Langen, K., & Kaleme, P. (2022). New insights into the taxonomy of duiker antelopes (Artiodactyla: Bovidae) from the eastern Democratic Republic of the Congo, with the formal description of a new genus. Mammalian Biology, 1-17."
Cephalophus_leucogaster,Cephalophorus_leucogaster,moved from Cephalophus to Cephalophorus,genus change,"Bärmann, E. V., Fonseca, V. G., Langen, K., & Kaleme, P. (2022). New insights into the taxonomy of duiker antelopes (Artiodactyla: Bovidae) from the eastern Democratic Republic of the Congo, with the formal description of a new genus. Mammalian Biology, 1-17."
Cephalophus_natalensis,Cephalophorus_natalensis,moved from Cephalophus to Cephalophorus,genus change,"Bärmann, E. V., Fonseca, V. G., Langen, K., & Kaleme, P. (2022). New insights into the taxonomy of duiker antelopes (Artiodactyla: Bovidae) from the eastern Democratic Republic of the Congo, with the formal description of a new genus. Mammalian Biology, 1-17."
Cephalophus_niger,Cephalophorus_niger,moved from Cephalophus to Cephalophorus,genus change,"Bärmann, E. V., Fonseca, V. G., Langen, K., & Kaleme, P. (2022). New insights into the taxonomy of duiker antelopes (Artiodactyla: Bovidae) from the eastern Democratic Republic of the Congo, with the formal description of a new genus. Mammalian Biology, 1-17."
Cephalophus_nigrifrons,Cephalophorus_nigrifrons,moved from Cephalophus to Cephalophorus,genus change,"Bärmann, E. V., Fonseca, V. G., Langen, K., & Kaleme, P. (2022). New insights into the taxonomy of duiker antelopes (Artiodactyla: Bovidae) from the eastern Democratic Republic of the Congo, with the formal description of a new genus. Mammalian Biology, 1-17."
Cephalophus_ogilbyi,Cephalophorus_ogilbyi,moved from Cephalophus to Cephalophorus,genus change,"Bärmann, E. V., Fonseca, V. G., Langen, K., & Kaleme, P. (2022). New insights into the taxonomy of duiker antelopes (Artiodactyla: Bovidae) from the eastern Democratic Republic of the Congo, with the formal description of a new genus. Mammalian Biology, 1-17."
Cephalophus_rubidus,Cephalophorus_rubidus,moved from Cephalophus to Cephalophorus,genus change,"Bärmann, E. V., Fonseca, V. G., Langen, K., & Kaleme, P. (2022). New insights into the taxonomy of duiker antelopes (Artiodactyla: Bovidae) from the eastern Democratic Republic of the Congo, with the formal description of a new genus. Mammalian Biology, 1-17."
Cephalophus_rufilatus,Cephalophorus_rufilatus,moved from Cephalophus to Cephalophorus,genus change,"Bärmann, E. V., Fonseca, V. G., Langen, K., & Kaleme, P. (2022). New insights into the taxonomy of duiker antelopes (Artiodactyla: Bovidae) from the eastern Democratic Republic of the Congo, with the formal description of a new genus. Mammalian Biology, 1-17."
Cephalophus_weynsi,Cephalophorus_weynsi,moved from Cephalophus to Cephalophorus,genus change,"Bärmann, E. V., Fonseca, V. G., Langen, K., & Kaleme, P. (2022). New insights into the taxonomy of duiker antelopes (Artiodactyla: Bovidae) from the eastern Democratic Republic of the Congo, with the formal description of a new genus. Mammalian Biology, 1-17."
Cephalophus_zebra,Cephalophula_zebra,moved from Cephalophus to Cephalophula,genus change,"Bärmann, E. V., Fonseca, V. G., Langen, K., & Kaleme, P. (2022). New insights into the taxonomy of duiker antelopes (Artiodactyla: Bovidae) from the eastern Democratic Republic of the Congo, with the formal description of a new genus. Mammalian Biology, 1-17."
Cephallophus_adersi,Leucocephalophus_adersi,moved from Cephalophus to Leucocephalophus,genus change,"Bärmann, E. V., Fonseca, V. G., Langen, K., & Kaleme, P. (2022). New insights into the taxonomy of duiker antelopes (Artiodactyla: Bovidae) from the eastern Democratic Republic of the Congo, with the formal description of a new genus. Mammalian Biology, 1-17."
Marmosa_limae,Marmosa_demerarae,lumped back into M. demerarae,lump,"Voss, R. S. (2022). An Annotated Checklist of Recent Opossums (Mammalia: Didelphidae). Bulletin of the American Museum of Natural History, 455(1), 1-76."
Marmosa_meridae,Marmosa_demerarae,lumped back into M. demerarae,lump,"Voss, R. S. (2022). An Annotated Checklist of Recent Opossums (Mammalia: Didelphidae). Bulletin of the American Museum of Natural History, 455(1), 1-76."
Thylamys_citellus,Thylamys_pusillus,lumped back into T. pusillus,lump,"Voss, R. S. (2022). An Annotated Checklist of Recent Opossums (Mammalia: Didelphidae). Bulletin of the American Museum of Natural History, 455(1), 1-76."
Thylamys_pulchellus,Thylamys_pusillus,lumped back into T. pusillus,lump,"Voss, R. S. (2022). An Annotated Checklist of Recent Opossums (Mammalia: Didelphidae). Bulletin of the American Museum of Natural History, 455(1), 1-76."
Ochotona_gloveri,Ochotona_erythrotis,lumped into O. erythrotis,lump,"Lissovsky, A. A., Yatsentyuk, S. P., Obolenskaya, E. V., Koju, N. P., & Ge, D. (2022). Diversification in highlands: phylogeny and taxonomy of pikas of the subgenus Conothoa (Lagomorpha, Ochotonidae). Zoologica Scripta, 51(3), 267-287."
Crocidura_negligens,Crocidura_malayana,lumped into C. malayana,lump,"Hinckley, A., Camacho-Sanchez, M., Ruedi, M., Hawkins, M. T., Mullon, M., Cornellas, A., ... & Leonard, J. A. (2022). Evolutionary history of Sundaland shrews (Eulipotyphla: Soricidae: Crocidura) with a focus on Borneo. Zoological Journal of the Linnean Society, 194(2), 478-501."
Dromiciops_mondaca,Dromiciops_gliroides,lumped into D. gliroides,lump,"Quintero-Galvis, J. F., Saenz-Agudelo, P., Amico, G. C., Vazquez, S., Shafer, A. B., & Nespolo, R. F. (2022). Genomic diversity and demographic history of the Dromiciops genus (Marsupialia: Microbiotheriidae). Molecular Phylogenetics and Evolution, 168, 107405."
Lemmus_amurensis,Lemmus_lemmus,lumped into L. lemmus,lump,"Kryštufek, B., & Shenbrot, G. (2022). Voles and Lemmings (Arvicolinae) of the Palaearctic Region. University of Maribor Press, Maribor. "
Lemmus_paulus,Lemmus_lemmus,lumped into L. lemmus,lump,"Kryštufek, B., & Shenbrot, G. (2022). Voles and Lemmings (Arvicolinae) of the Palaearctic Region. University of Maribor Press, Maribor. "
Lemmus_sibiricus,Lemmus_lemmus,lumped into L. lemmus,lump,"Kryštufek, B., & Shenbrot, G. (2022). Voles and Lemmings (Arvicolinae) of the Palaearctic Region. University of Maribor Press, Maribor. "
Craseomys_shanseius,Craseomys_rufocanus,lumped into C. rufocanus,lump,"Tang, M. K., Jin, W., Tang, Y., Yan, C. C., Murphy, R. W., Sun, Z. Y., ... & Liu, S. Y. (2018). Reassessment of the taxonomic status of Craseomys and three controversial species of Myodes and Alticola (Rodentia: Arvicolinae). Zootaxa, 4429(1), 1-52."
Eothenomys_cachinus,Eothenomys_eleusis,lumped into E. eleusis,lump,"Kryštufek, B., & Shenbrot, G. (2022). Voles and Lemmings (Arvicolinae) of the Palaearctic Region. University of Maribor Press, Maribor. "
Eothenomys_fidelis,Eothenomys_eleusis,lumped into E. eleusis,lump,"Kryštufek, B., & Shenbrot, G. (2022). Voles and Lemmings (Arvicolinae) of the Palaearctic Region. University of Maribor Press, Maribor. "
Eothenomys_miletus,Eothenomys_eleusis,lumped into E. eleusis,lump,"Kryštufek, B., & Shenbrot, G. (2022). Voles and Lemmings (Arvicolinae) of the Palaearctic Region. University of Maribor Press, Maribor. "
Eothenomys_shimianensis,Eothenomys_eleusis,lumped into E. eleusis,lump,"Kryštufek, B., & Shenbrot, G. (2022). Voles and Lemmings (Arvicolinae) of the Palaearctic Region. University of Maribor Press, Maribor. "
Eothenomys_jinyangensis,Anteliomys_hintoni,lumped into Anteliomys hintoni,lump,"Kryštufek, B., & Shenbrot, G. (2022). Voles and Lemmings (Arvicolinae) of the Palaearctic Region. University of Maribor Press, Maribor. "
Eothenomys_meiguensis,Anteliomys_hintoni,lumped into Anteliomys hintoni,lump,"Kryštufek, B., & Shenbrot, G. (2022). Voles and Lemmings (Arvicolinae) of the Palaearctic Region. University of Maribor Press, Maribor. "
Eothenomys_luojishanensis,Anteliomys_hintoni,lumped into Anteliomys hintoni,lump,"Kryštufek, B., & Shenbrot, G. (2022). Voles and Lemmings (Arvicolinae) of the Palaearctic Region. University of Maribor Press, Maribor. "
Ellobius_alaicus,Ellobius_tancrei,lumped into E. tancrei,lump,"Kryštufek, B., & Shenbrot, G. (2022). Voles and Lemmings (Arvicolinae) of the Palaearctic Region. University of Maribor Press, Maribor. "
Microtus_elbeyli,Microtus_dogramacii,lumped into M. dogramacii,lump,"Kryštufek, B., & Shenbrot, G. (2022). Voles and Lemmings (Arvicolinae) of the Palaearctic Region. University of Maribor Press, Maribor. "
Eptesicus_guadeloupensis,Eptesicus_fuscus,lumped into E. fuscus,lump,"Yi, X., & Latch, E. K. (2022). Nuclear phylogeography reveals strong impacts of gene flow in big brown bats. Journal of Biogeography.|Yi, X., & Latch, E. K. (2022). Systematics of the New World bats Eptesicus and Histiotus suggest trans-marine dispersal followed by Neotropical cryptic diversification. Molecular Phylogenetics and Evolution, 175, 107582."
Vampyressa_sinchi,Vampyressa_melissa,lumped into V. melissa,lump,"Tavares, V. D. C., Gardner, A. L., Mcdonough, M. M., Maldonado, J. E., Gutiérrez, E. E., Velazco, P. M., & Garbino, G. S. (2022). Historical DNA of rare yellow-eared bats Vampyressa Thomas, 1900 (Chiroptera, Phyllostomidae) clarifies phylogeny and species boundaries within the genus. Systematics and Biodiversity, 20(1), 2117247."
Crocidura_zaitsevi,Crocidura_kegoensis,lumped into C. kegoensis,lump,"Bannikova, A. A., Yuzefovich, A. P., Stefen, C., Lebedev, V. S., & Abramov, A. V. (2022). Genetic variability in the Crocidura kegoensis–C. zaitsevi group (Mammalia, Eulipotyphla) and re-evaluation of C. zaitsevi from Vietnam. Mammalian Biology, XX, 1-13."
Myotis_alascensis,Myotis_lucifigus,lumped into M. lucifigus,lump,"Francis, C. M. and Simmons, N. B. on behalf of the G. B. T. W. G. of the IUCN SSC Bat Specialist Group (2022). On the taxonomy of Myotis lucifugus. https://doi.org/10.5281/zenodo.7338575|Morales, A. E., & Carstens, B. C. (2018). Evidence that Myotis lucifugus “Subspecies” are Five Nonsister Species, Despite Gene Flow. Systematic Biology, 67(5), 756–769. https://doi.org/10.1093/sysbio/syy010"
Myotis_carissima,Myotis_lucifigus,lumped into M. lucifigus,lump,"Francis, C. M. and Simmons, N. B. on behalf of the G. B. T. W. G. of the IUCN SSC Bat Specialist Group (2022). On the taxonomy of Myotis lucifugus. https://doi.org/10.5281/zenodo.7338575|Morales, A. E., & Carstens, B. C. (2018). Evidence that Myotis lucifugus “Subspecies” are Five Nonsister Species, Despite Gene Flow. Systematic Biology, 67(5), 756–769. https://doi.org/10.1093/sysbio/syy010"
Myotis_pernox,Myotis_lucifigus,lumped into M. lucifigus,lump,"Francis, C. M. and Simmons, N. B. on behalf of the G. B. T. W. G. of the IUCN SSC Bat Specialist Group (2022). On the taxonomy of Myotis lucifugus. https://doi.org/10.5281/zenodo.7338575|Morales, A. E., & Carstens, B. C. (2018). Evidence that Myotis lucifugus “Subspecies” are Five Nonsister Species, Despite Gene Flow. Systematic Biology, 67(5), 756–769. https://doi.org/10.1093/sysbio/syy010"
Myotis_relictus,Myotis_lucifigus,lumped into M. lucifigus,lump,"Francis, C. M. and Simmons, N. B. on behalf of the G. B. T. W. G. of the IUCN SSC Bat Specialist Group (2022). On the taxonomy of Myotis lucifugus. https://doi.org/10.5281/zenodo.7338575|Morales, A. E., & Carstens, B. C. (2018). Evidence that Myotis lucifugus “Subspecies” are Five Nonsister Species, Despite Gene Flow. Systematic Biology, 67(5), 756–769. https://doi.org/10.1093/sysbio/syy010"
Scarturus_toussi,Scarturus_indicus,lumped into S. indicus,lump,"Lebedev, V. S., Shenbrot, G. I., Krystufek, B., Mahmoudi, A., Melnikova, M. N., Solovyeva, E. N., ... & Bannikova, A. A. (2022). Phylogenetic relations and range history of jerboas of the Allactaginae subfamily (Dipodidae, Rodentia). Scientific reports, 12(1), 1-15."
Trachops_ehrhardti,Trachops_cirrhosus,lumped into T. cirrhosus because the name was originally based on an unpublished dissertation,lump,"Leite, Y., Gregorin, R., Tavares, V., Monteiro, C., Prado, J., Chiquito, E., ... & Ditchfield, A. (2019). Taxonomia integrativa revela diversidade críptica em Trachops cirrhosus (Chiroptera, Phyllostomidae). Dissertation."
Laephotis_botswane,Laephotis_angolensis,lumped into L. angolensis,lump,"Taylor, P. J., Strydom, E., Richards, L., Markotter, W., Toussaint, D. C., Kearney, T., ... & Monadjem, A. (2022). Integrative taxonomic analysis of new collections from the central Angolan highlands resolves the taxonomy of African pipistrelloid bats on a continental scale. Zoological Journal of the Linnean Society, 196(4), 1570-1590."
Microtus_gerbii,Microtus_pyrenaicus,name changed from gerbii to pyrenaicus,name change,"Kryštufek, B., & Shenbrot, G. (2022). Voles and Lemmings (Arvicolinae) of the Palaearctic Region. University of Maribor Press, Maribor. "
Rhinolophus_monticolus,Rhinolophus_chutamasae,"replacement name for R. monticolus, which was preoccupied",name change,"Soisook, P., & Bates, P. J. (2022). Replacement name (nomen novum) for Rhinolophus monticolus Soisook et al., 2016. Mammalia."
Leopardus_munoai,Leopardus_fasciatus,name changed from munoai to fasciatus,name change,"Martínez-Lanfranco, J. A., & González, E. M. (2022). The oldest available name for the pampas cat of the Uruguayan Savannah ecoregion is Leopardus fasciatus (Larrañaga 1923). Therya, 13(3), 259-264."
Pseudochirulus_schlegeli,Pseudochirulus_schlegelii,spelling changed to match original description,spelling change,NA
Thainycteris_torquatus,Thainycteris_torquata,spelling changed for gender agreement with genus,spelling change,NA
Sminthopsis_fuliginosus,Sminthopsis_fuliginosa,spelling changed to match generic gender,spelling change,NA
Microtus_juldaschi,Microtus_yuldaschi,spelling changed to match original description,spelling change,"Kryštufek, B., & Shenbrot, G. (2022). Voles and Lemmings (Arvicolinae) of the Palaearctic Region. University of Maribor Press, Maribor. "
Tamiops_minshanica,Tamiops_minshanicus,spelling changed from 'minshanica' to 'minshanicus' for genus gender agreement,spelling change,NA
Cephalophus_nigrifrons,Cephalophorus_kivuensis,split from C. nigrifrons and moved from Cephalophus to Cephalophorus,splilt,"Bärmann, E. V., Fonseca, V. G., Langen, K., & Kaleme, P. (2022). New insights into the taxonomy of duiker antelopes (Artiodactyla: Bovidae) from the eastern Democratic Republic of the Congo, with the formal description of a new genus. Mammalian Biology, 1-17."
Ochotona_rufescens,Ochotona_vizier,split from O. rufescens,split,"Mohammadi, Z., Ghorbani, F., Aliabadian, M., Lissovsky, A. A., Yazdani Moghaddam, F., & Olsson, U. (2022). Multilocus phylogeny reveals habitat driven cryptic diversity in Ochotona rufescens (Ochotonidae). Zoologica Scripta, 00, 1-12."
Cacajao_calvus,Cacajao_rubicundus,split from C. calvus,split,"Silva, F. E., do Amaral, J. V., Roos, C., Bowler, M., Röhe, F., Sampaio, R., ... & Boubli, J. P. (2022). Molecular phylogeny and systematics of bald uakaris, genus Cacajao Lesson, 1840 (Primates: Pitheciidae), with the description of a new species. Molecular Phylogenetics and Evolution, 107509."
Cacajao_calvus,Cacajao_ucayalii,split from C. calvus,split,"Silva, F. E., do Amaral, J. V., Roos, C., Bowler, M., Röhe, F., Sampaio, R., ... & Boubli, J. P. (2022). Molecular phylogeny and systematics of bald uakaris, genus Cacajao Lesson, 1840 (Primates: Pitheciidae), with the description of a new species. Molecular Phylogenetics and Evolution, 107509."
Cacajao_calvus,Cacajao_novaesi,split from C. calvus,split,"Silva, F. E., do Amaral, J. V., Roos, C., Bowler, M., Röhe, F., Sampaio, R., ... & Boubli, J. P. (2022). Molecular phylogeny and systematics of bald uakaris, genus Cacajao Lesson, 1840 (Primates: Pitheciidae), with the description of a new species. Molecular Phylogenetics and Evolution, 107509."
Budorcas_taxicolor,Budorcas_tibetana,split from B. taxicolor,split,"Yang, L., Wei, F., Zhan, X., Fan, H., Zhao, P., Huang, G., ... & Hu, Y. (2022). Evolutionary conservation genomics reveals recent speciation and local adaptation in threatened takins. Molecular Biology and Evolution, 39(6), msac111."
Neotamias_amoenus,Neotamias_cratericus,split from N. amoenus,split,"Herrera, N. D., Bell, K. C., Callahan, C. M., Nordquist, E., Saver, B. A. J., Sullivan, J., Demobski, J. R., & Good, J. M. (2022). Genomic resolution of cryptic species diversity in chipmunks. Evolution, 76(9), 2004-2019."
Neotamias_minimus,Neotamias_grisescens,split from N. minimus,split,"Herrera, N. D., Bell, K. C., Callahan, C. M., Nordquist, E., Saver, B. A. J., Sullivan, J., Demobski, J. R., & Good, J. M. (2022). Genomic resolution of cryptic species diversity in chipmunks. Evolution, 76(9), 2004-2019."
Microtus_irani,Microtus_schidlovskii,split from M. irani,split,"Mahmoudi, A., Golenishchev, F. N., Malikov, V. G., Arslan, A., Pavlova, S. V., Petrova, T. V., & Kryštufek, B. (2022). Taxonomic evaluation of the “irani–schidlovskii” species complex (Rodentia: Cricetidae) in the Middle East: a morphological and genetic combination. Zoologischer Anzeiger, 300, 1-11."
Alticola_argentatus,Alticola_parvidens,split from A. argentatus,split,"Kryštufek, B., & Shenbrot, G. (2022). Voles and Lemmings (Arvicolinae) of the Palaearctic Region. University of Maribor Press, Maribor. "
Dinaromys_bogdanovi,Dinaromys_longipedis,split from D. bogdanovi,split,"Kryštufek, B., & Shenbrot, G. (2022). Voles and Lemmings (Arvicolinae) of the Palaearctic Region. University of Maribor Press, Maribor. "
Microtus_subterraneus,Microtus_fingeri,split from M. subterraneus,split,"Kryštufek, B., & Shenbrot, G. (2022). Voles and Lemmings (Arvicolinae) of the Palaearctic Region. University of Maribor Press, Maribor. "
Microtus_mystacinus,Microtus_rossiaemeridionalis,split from M. mystacinus,split,"Kryštufek, B., & Shenbrot, G. (2022). Voles and Lemmings (Arvicolinae) of the Palaearctic Region. University of Maribor Press, Maribor. "
Nectogale_elegans,Nectogale_sikhimensis,split from N. elegans,split,"Fan, R., Tang, K., Dou, L., Fu, C., Faiz, A. U. H., Wang, X., ... & Liu, S. (2022). Molecular phylogeny and taxonomy of the genus Nectogale (Mammalia: Eulipotyphla: Soricidae). Ecology and Evolution, 12(10), e9404."
Peromyscus_mexicanus,Peromyscus_totontepecus,split from P. mexicanus,split,"Hernández-Canchola, G., León-Paniagua, L., & Esselstyn, J. A. (2022). Paraphyletic relationships revealed by mitochondrial DNA in the Peromyscus mexicanus species group (Rodentia: Cricetidae). Revista Mexicana de Biodiversidad, 93, e933811-e933811."
Proteles_cristatus,Proteles_septentrionalis,split from P. cristatus,split,"Allio, R., Tilak, M. K., Scornavacca, C., Avenant, N. L., Kitchener, A. C., Corre, E., ... & Delsuc, F. (2021). High-quality carnivoran genomes from roadkill samples enable comparative species delineation in aardwolf and bat-eared fox. Elife, 10, e63167."
Lophostoma_brasiliense,Lophostoma_nicaraguae,split from L. brasiliense,split,"Esquivel, D. A., Pereira, M. J. R., Stuhler, J. D., Rossoni, D. M., Velazco, P. M., & Bianchi, F. M. (2022). Multiples lines of evidence unveil cryptic diversity in the Lophostoma brasiliense (Chiroptera: Phyllostomidae) complex. Systematics and Biodiversity, 20(1), 2110172."
Bradypus_torquatus,Bradypus_crinitus,split from B. torquatus,split,"Miranda, F. R., Garbino, G. S., Machado, F. A., Perini, F. A., Santos, F. R., & Casali, D. M. (2022). Taxonomic revision of maned sloths, subgenus Bradypus (Scaeopus), Pilosa, Bradypodidae, with revalidation of Bradypus crinitus Gray, 1850. Journal of Mammalogy, gyac059."
Myotis_chiloensis,Myotis_arescens,split from M. chiloensis,split,"Novaes, R. L. M., Rodríguez-San Pedro, A., Saldarriaga-Córdoba, M. M., Aguilera-Acuña, O., Wilson, D., & Moratelli, R. (2022). Systematic review of Myotis (Chiroptera, Vespertilionidae) from Chile based on molecular, morphological, and bioacoustic data. Zootaxa, 5188(5), 430-452."
Sorex_bedfordiae,Sorex_wardi,split from S. bedfordiae,split,"Chen, S., Tang, K., Wang, X., Li, F., Fu, C., Liu, Y., ... & Liu, S. (2022). Multi-locus phylogeny and species delimitations of the striped-back shrew group (Eulipotyphla: Soricidae): Implications for cryptic diversity, taxonomy and multiple speciation patterns. Molecular Phylogenetics and Evolution, 177, 107619."
Sorex_bedfordiae,Sorex_gomphus,split from S. bedfordiae,split,"Chen, S., Tang, K., Wang, X., Li, F., Fu, C., Liu, Y., ... & Liu, S. (2022). Multi-locus phylogeny and species delimitations of the striped-back shrew group (Eulipotyphla: Soricidae): Implications for cryptic diversity, taxonomy and multiple speciation patterns. Molecular Phylogenetics and Evolution, 177, 107619."
Sorex_bedfordiae,Sorex_nepalensis,split from S. bedfordiae,split,"Chen, S., Tang, K., Wang, X., Li, F., Fu, C., Liu, Y., ... & Liu, S. (2022). Multi-locus phylogeny and species delimitations of the striped-back shrew group (Eulipotyphla: Soricidae): Implications for cryptic diversity, taxonomy and multiple speciation patterns. Molecular Phylogenetics and Evolution, 177, 107619."
Artibeus_lituratus,Artibeus_intermedius,split from A. lituratus,split,"Redondo, R. A., Brina, L. P., Silva, R. F., Ditchfield, A. D., & Santos, F. R. (2008). Molecular systematics of the genus Artibeus (Chiroptera: Phyllostomidae). Molecular phylogenetics and evolution, 49(1), 44-58.|Larsen, P. A., Marchán-Rivadeneira, M. R., & Baker, R. J. (2013). Speciation dynamics of the fruit-eating bats (genus Artibeus): with evidence of ecological divergence in Central American populations. In Bat evolution, ecology, and conservation (pp. 315-339). Springer, New York, NY.|York, H. A., Rodríguez-Herrera, B., Laval, R. K., Timm, R. M., & Lindsay, K. E. (2019). Field key to the bats of Costa Rica and Nicaragua. Journal of Mammalogy, 100(6), 1726-1749.|Simmons NB, Cirranello AL (2020) Bat species of the world: A taxonomic and geographic database. https://batnames.org|Turcios-Casco, M. A., Ávila-Palma, H. D., LaVal, R. К., Stevens, R. D., Ordoñez-Trejo, E. J., Soler-Orellana, J. A., & Ordoñez-Mazier, D. I. (2020). A systematic revision of the bats (Chiroptera) of Honduras: an updated checklist with corroboration of historical specimens and new records. Zoosystematics and Evolution, 96, 411."
Hipposideros_larvatus,Hipposideros_poutensis,split from H. larvatus,split,"Yuzefovich, A. P., Artyushin, I. V., Skopin, A. E., Son, N. T., & Kruskop, S. V. (2022). Taxonomic diversity of the Hipposideros larvatus species complex (Chiroptera: Hipposideridae) in mainland Asia. Zootaxa, 5200(1), 73-95."
Scarturus_elater,Scarturus_heptneri,split from S. elater,split,"Lebedev, V. S., Shenbrot, G. I., Krystufek, B., Mahmoudi, A., Melnikova, M. N., Solovyeva, E. N., ... & Bannikova, A. A. (2022). Phylogenetic relations and range history of jerboas of the Allactaginae subfamily (Dipodidae, Rodentia). Scientific reports, 12(1), 1-15."
Scarturus_elater,Scarturus_indicus,split from S. elater,split,"Lebedev, V. S., Shenbrot, G. I., Krystufek, B., Mahmoudi, A., Melnikova, M. N., Solovyeva, E. N., ... & Bannikova, A. A. (2022). Phylogenetic relations and range history of jerboas of the Allactaginae subfamily (Dipodidae, Rodentia). Scientific reports, 12(1), 1-15."
Scarturus_euphraticus,Scarturus_caprimulga,split from S. euphraticus,split,"Lebedev, V. S., Shenbrot, G. I., Krystufek, B., Mahmoudi, A., Melnikova, M. N., Solovyeva, E. N., ... & Bannikova, A. A. (2022). Phylogenetic relations and range history of jerboas of the Allactaginae subfamily (Dipodidae, Rodentia). Scientific reports, 12(1), 1-15."